Column,Average
micro_response_time,115.0449420516668
micro_vus,108.29611111111112
mono_response_time,136.94997763333365
mono_vus,108.30111111111111
hybrid_response_time,119.11944906611116
hybrid_vus,108.29944444444445
dist_micro_response_time,81.61673833111105
dist_micro_vus,108.29666666666667
dist_mono_response_time,105.84942235499986
dist_mono_vus,108.28944444444444
dist_hybrid_response_time,399.41884202333375
dist_hybrid_vus,108.31722222222223
